<rss version="2.0" xmlns:atom="http://www.w3.org/2005/Atom" xmlns:content="http://purl.org/rss/1.0/modules/content/" xmlns:dc="http://purl.org/dc/elements/1.1/">
  <channel>
    <docs>https://blogs.law.harvard.edu/tech/rss</docs>
    <title>Tags on Homepage</title>
    <link>localhost:1313/tags/</link>
    <description>Recent content in Tags on Homepage</description>
    <image>
      <title>Tags on Homepage</title>
      <link>localhost:1313/tags/</link>
      <url>https://source.unsplash.com/collection/983219/2000x1322</url>
    </image>
    <ttl>1440</ttl>
    <generator>After Dark 9.2.2 (Hugo 0.68.3)</generator>
    <language>en-US</language>
    <lastBuildDate>Thu, 14 Jan 2021 18:14:59 UT</lastBuildDate>
    <atom:link href="localhost:1313/tags/index.xml" rel="self" type="application/rss+xml" />
  </channel>
</rss>
